<?xml version="1.0" encoding="utf-8"?>
<Server port="9003" shutdown="SHUTDOWN">
		<Listener className="org.apache.catalina.startup.VersionLoggerListener" />
		<Listener className="org.apache.catalina.core.AprLifecycleListener" SSLEngine="on" />
		<Listener className="org.apache.catalina.core.JreMemoryLeakPreventionListener" />
		<Listener className="org.apache.catalina.mbeans.GlobalResourcesLifecycleListener" />
		<Listener className="org.apache.catalina.core.ThreadLocalLeakPreventionListener" />
		<Service name="Catalina">
				<Executor 
					name="tomcatThreadPool" 
					namePrefix="catalina-exec-" 
					maxThreads="500" 
					minSpareThreads="20" 
					maxIdleTime="60000" />
				<Connector 
					executor="tomcatThreadPool" 
					port="8013" 
					protocol="HTTP/1.1" 
					connectionTimeout="20000" 
					enableLookups="false" 
					URIEncoding="UTF-8" />
				<Engine name="Catalina" defaultHost="localhost">
						<Host name="manage.uxuexi.com" appBase="notexist" unpackWARs="false" autoDeploy="false">
								<Context path="" reloadable="false" docBase="/usr/local/apps/web-manage" />          
								<Valve className="org.apache.catalina.valves.AccessLogValve" directory="logs"  
								prefix="access." suffix=".log" pattern="%h %l %u %t %r %s %b %T" resolveHosts="false"/>
						</Host>
				</Engine>
		</Service>
</Server>

