<?xml version="1.0" encoding="utf-8"?>
<Server port="9002" shutdown="SHUTDOWN">
		<Listener className="org.apache.catalina.startup.VersionLoggerListener" />
		<Listener className="org.apache.catalina.core.AprLifecycleListener" SSLEngine="on" />
		<Listener className="org.apache.catalina.core.JreMemoryLeakPreventionListener" />
		<Listener className="org.apache.catalina.mbeans.GlobalResourcesLifecycleListener" />
		<Listener className="org.apache.catalina.core.ThreadLocalLeakPreventionListener" />
		<Service name="Catalina">
				<Executor 
					name="tomcatThreadPool" 
					namePrefix="catalina-exec-" 
					maxThreads="500" 
					minSpareThreads="20" 
					maxIdleTime="60000" />
				<Connector 
					executor="tomcatThreadPool" 
					port="8014"  
					protocol="HTTP/1.1"
					connectionTimeout="20000" 
					enableLookups="false" 
					URIEncoding="UTF-8" />
				<Engine name="Catalina" defaultHost="localhost">
					<Host name="www.uxuexi.com" appBase="notexist" unpackWARs="false" autoDeploy="false">
						<Context path="" reloadable="false" docBase="/usr/local/apps/web-www" />
					</Host>
					<Host name="zujuan.uxuexi.com" appBase="notexist" unpackWARs="false" autoDeploy="false">
						<Context path="" reloadable="false" docBase="/usr/local/apps/web-zujuan" />
					</Host>
					<Host name="fenxi.uxuexi.com" appBase="notexist" unpackWARs="false" autoDeploy="false">
						<Context path="" reloadable="false" docBase="/usr/local/apps/web-fenxi" />
					</Host>
					<Host name="uxuebao.uxuexi.com" appBase="notexist" unpackWARs="false" autoDeploy="false">
						<Context path="" reloadable="false" docBase="/usr/local/apps/web-uxuebao" />
					</Host>
					<Host name="fudao.uxuexi.com" appBase="notexist" unpackWARs="false" autoDeploy="false">
						<Context path="" reloadable="false" docBase="/usr/local/apps/web-fudao" />
					</Host>
				</Engine>
		</Service>
</Server>

